scale,scenario,set_name,mean_ms,median_ms,p95_ms,max_ms,pct_of_overall_mean
100,normal,TimeUpdate,0.00339,0.00300,0.00530,0.02010,4.44
100,normal,Economy,0.00471,0.00290,0.00420,0.07240,6.17
100,normal,Research,0.00314,0.00300,0.00440,0.00710,4.11
100,normal,Diplomacy,0.00218,0.00200,0.00370,0.00410,2.85
100,normal,CountryAi,0.01116,0.01090,0.01350,0.02030,14.63
100,normal,WarPreparation,0.00091,0.00080,0.00150,0.00290,1.19
100,normal,MilitaryAi,0.00230,0.00190,0.00440,0.00560,3.01
100,normal,FrontlineOrders,0.00299,0.00300,0.00420,0.00490,3.93
100,normal,MilitaryAction,0.00543,0.00520,0.00700,0.01790,7.12
100,normal,WarResolution,0.00244,0.00230,0.00400,0.00510,3.19
100,normal,UiUpdate,0.00229,0.00200,0.00370,0.01030,3.00
100,high_load,TimeUpdate,0.00376,0.00330,0.00670,0.01880,3.25
100,high_load,Economy,0.00484,0.00330,0.00620,0.05000,4.18
100,high_load,Research,0.00335,0.00330,0.00560,0.00690,2.89
100,high_load,Diplomacy,0.00239,0.00240,0.00370,0.00420,2.06
100,high_load,CountryAi,0.01277,0.01210,0.01440,0.03530,11.02
100,high_load,WarPreparation,0.00704,0.00730,0.00940,0.01100,6.08
100,high_load,MilitaryAi,0.00742,0.00700,0.01020,0.01520,6.40
100,high_load,FrontlineOrders,0.01083,0.01030,0.01360,0.01570,9.35
100,high_load,MilitaryAction,0.00493,0.00500,0.00670,0.00900,4.26
100,high_load,WarResolution,0.01102,0.01090,0.01270,0.01390,9.51
100,high_load,UiUpdate,0.00115,0.00100,0.00170,0.00420,0.99
500,normal,TimeUpdate,0.00488,0.00300,0.00540,0.05940,4.58
500,normal,Economy,0.00904,0.00330,0.00490,0.18870,8.48
500,normal,Research,0.00321,0.00310,0.00490,0.00880,3.01
500,normal,Diplomacy,0.00338,0.00320,0.00510,0.00580,3.17
500,normal,CountryAi,0.02323,0.02260,0.02870,0.03450,21.79
500,normal,WarPreparation,0.00104,0.00080,0.00300,0.00400,0.98
500,normal,MilitaryAi,0.00338,0.00240,0.00610,0.00850,3.17
500,normal,FrontlineOrders,0.00388,0.00420,0.00530,0.00660,3.64
500,normal,MilitaryAction,0.00728,0.00680,0.01100,0.01530,6.82
500,normal,WarResolution,0.00260,0.00240,0.00470,0.00500,2.44
500,normal,UiUpdate,0.00273,0.00240,0.00420,0.01610,2.56
500,high_load,TimeUpdate,0.00513,0.00290,0.00460,0.08320,2.28
500,high_load,Economy,0.00947,0.00340,0.00580,0.18450,4.21
500,high_load,Research,0.00364,0.00320,0.00670,0.01080,1.62
500,high_load,Diplomacy,0.00366,0.00340,0.00530,0.00670,1.63
500,high_load,CountryAi,0.02497,0.02390,0.02860,0.04860,11.11
500,high_load,WarPreparation,0.01683,0.01640,0.01940,0.01970,7.49
500,high_load,MilitaryAi,0.01204,0.01170,0.01420,0.01660,5.36
500,high_load,FrontlineOrders,0.06533,0.06440,0.07240,0.08050,29.08
500,high_load,MilitaryAction,0.00740,0.00730,0.00840,0.01030,3.29
500,high_load,WarResolution,0.02217,0.02180,0.02670,0.02920,9.87
500,high_load,UiUpdate,0.00092,0.00080,0.00170,0.00190,0.41
1000,normal,TimeUpdate,0.00734,0.00320,0.00740,0.12970,5.09
1000,normal,Economy,0.01550,0.00350,0.00540,0.36860,10.75
1000,normal,Research,0.00324,0.00310,0.00560,0.00810,2.25
1000,normal,Diplomacy,0.00764,0.00650,0.01100,0.02120,5.30
1000,normal,CountryAi,0.04270,0.04000,0.04920,0.12580,29.61
1000,normal,WarPreparation,0.00128,0.00080,0.00380,0.00490,0.89
1000,normal,MilitaryAi,0.00593,0.00510,0.00920,0.03000,4.11
1000,normal,FrontlineOrders,0.00308,0.00260,0.00530,0.00620,2.13
1000,normal,MilitaryAction,0.00934,0.00900,0.01340,0.01430,6.48
1000,normal,WarResolution,0.00247,0.00230,0.00430,0.00510,1.71
1000,normal,UiUpdate,0.00222,0.00210,0.00390,0.00450,1.54
1000,high_load,TimeUpdate,0.00712,0.00280,0.00670,0.12070,1.41
1000,high_load,Economy,0.01557,0.00370,0.00630,0.36890,3.07
1000,high_load,Research,0.00348,0.00350,0.00570,0.00860,0.69
1000,high_load,Diplomacy,0.00974,0.01030,0.01180,0.01220,1.92
1000,high_load,CountryAi,0.05042,0.04590,0.05080,0.31590,9.96
1000,high_load,WarPreparation,0.03732,0.03670,0.04310,0.04750,7.37
1000,high_load,MilitaryAi,0.03169,0.03010,0.03870,0.05250,6.26
1000,high_load,FrontlineOrders,0.21859,0.21320,0.23530,0.34860,43.17
1000,high_load,MilitaryAction,0.01145,0.01120,0.01390,0.01550,2.26
1000,high_load,WarResolution,0.05569,0.05640,0.06530,0.06820,11.00
1000,high_load,UiUpdate,0.00118,0.00090,0.00360,0.00480,0.23
2000,normal,TimeUpdate,0.01249,0.00330,0.00510,0.27010,5.24
2000,normal,Economy,0.02978,0.00390,0.00580,0.82900,12.48
2000,normal,Research,0.00357,0.00320,0.00520,0.01430,1.49
2000,normal,Diplomacy,0.03023,0.02960,0.03530,0.05780,12.67
2000,normal,CountryAi,0.07906,0.07740,0.08270,0.18270,33.12
2000,normal,WarPreparation,0.00265,0.00320,0.00410,0.00480,1.11
2000,normal,MilitaryAi,0.00719,0.00680,0.01010,0.01100,3.01
2000,normal,FrontlineOrders,0.00281,0.00240,0.00450,0.00910,1.18
2000,normal,MilitaryAction,0.01327,0.01280,0.01710,0.03620,5.56
2000,normal,WarResolution,0.00249,0.00210,0.00470,0.00530,1.04
2000,normal,UiUpdate,0.00291,0.00330,0.00400,0.00580,1.22
2000,high_load,TimeUpdate,0.01833,0.00260,0.00680,0.55560,1.70
2000,high_load,Economy,0.03470,0.00460,0.00870,0.85780,3.21
2000,high_load,Research,0.00388,0.00340,0.00600,0.02150,0.36
2000,high_load,Diplomacy,0.03294,0.03190,0.03970,0.05800,3.05
2000,high_load,CountryAi,0.09703,0.09600,0.10540,0.11750,8.99
2000,high_load,WarPreparation,0.08942,0.08740,0.10640,0.12070,8.28
2000,high_load,MilitaryAi,0.09244,0.08870,0.09570,0.26190,8.56
2000,high_load,FrontlineOrders,0.49208,0.48870,0.52360,0.54300,45.58
2000,high_load,MilitaryAction,0.01787,0.01660,0.02180,0.08090,1.66
2000,high_load,WarResolution,0.11545,0.11140,0.13670,0.16890,10.69
2000,high_load,UiUpdate,0.00136,0.00100,0.00420,0.00460,0.13
